,fpr,thresholds,tpr
0,0.0,2,0.0
1,0.8775510204081632,1,0.8936170212765957
2,1.0,0,1.0
