,fpr,thresholds,tpr
0,0.0,2,0.0
1,0.36923076923076925,1,0.5471698113207547
2,1.0,0,1.0
