,fpr,thresholds,tpr
0,0.0,2,0.0
1,0.6857142857142857,1,0.8325991189427313
2,1.0,0,1.0
