,fpr,thresholds,tpr
0,0.0,2,0.0
1,0.4387755102040816,1,0.5921985815602837
2,1.0,0,1.0
