,fpr,thresholds,tpr
0,0.0,2,0.0
1,0.8857142857142857,1,0.9647577092511013
2,1.0,0,1.0
