,fpr,thresholds,tpr
0,0.0,2,0.0
1,0.35384615384615387,1,0.2830188679245283
2,1.0,0,1.0
