,fpr,thresholds,tpr
0,0.0,2,0.0
1,0.27692307692307694,1,0.41509433962264153
2,1.0,0,1.0
