,fpr,thresholds,tpr
0,0.0,2,0.0
1,0.9795918367346939,1,0.9609929078014184
2,1.0,0,1.0
