,fpr,thresholds,tpr
0,0.0,2,0.0
1,0.6428571428571429,1,0.8687943262411347
2,1.0,0,1.0
