,fpr,thresholds,tpr
0,0.0,2,0.0
1,0.7040816326530612,1,0.8829787234042553
2,1.0,0,1.0
