,fpr,thresholds,tpr
0,0.0,2,0.0
1,0.5076923076923077,1,0.5094339622641509
2,1.0,0,1.0
