,fpr,thresholds,tpr
0,0.0,2,0.0
1,0.26153846153846155,1,0.22641509433962265
2,1.0,0,1.0
