,fpr,thresholds,tpr
0,0.0,2,0.0
1,0.4461538461538462,1,0.5094339622641509
2,1.0,0,1.0
