,fpr,thresholds,tpr
0,0.0,2,0.0
1,0.2857142857142857,1,0.599290780141844
2,1.0,0,1.0
