,fpr,thresholds,tpr
0,0.0,2,0.0
1,0.2571428571428571,1,0.5594713656387665
2,1.0,0,1.0
