,fpr,thresholds,tpr
0,0.0,2,0.0
1,0.37755102040816324,1,0.7730496453900709
2,1.0,0,1.0
