,fpr,thresholds,tpr
0,0.0,2,0.0
1,0.6632653061224489,1,0.8900709219858156
2,1.0,0,1.0
