,fpr,thresholds,tpr
0,0.0,2,0.0
1,0.3877551020408163,1,0.8049645390070922
2,1.0,0,1.0
