,fpr,thresholds,tpr
0,0.0,2,0.0
1,0.37142857142857144,1,0.6607929515418502
2,1.0,0,1.0
